[
    {
        "id": "1",
        "type": "single",
        "question": "给定两个整数n与k，打印出一个栅栏图形，这个栅栏应该分成n段，段与段之间的间隔为 + ，段内的填充为k个 - 。形如n=5，k=6时，图形如下：+------+------+------+------+------+<br>以下程序代码用于绘制该图形，横线处应填写？<pre><code>\nint n, k, i, j;\nn = 5, k = 6;\nfor (i = 0; i < n; i++){\n    __________ // 在此处填写代码\n    for (j = 1; j < k; j++)\n        cout << '-' ;\n}\ncout << '+';\n</code></pre>",
        "options": ["A. cout << '+' << endl;", "B. cout << '+' << ' ' << endl;", "C. cout << '+';", "D. cout << '+' << ' ';"],
        "correct": "C",
        "explanation": "根据输出格式，每段开始都要输出一个'+'，然后输出k-1个'-'，最后在循环外再输出一个'+'结束。所以横线处应该输出'+'。",
        "source": "GESP2024年3月认证C++二级真题.pdf 单选题第13题"
    },
    {
        "id": "2",
        "type": "programming",
        "question": "小杨想要构造一个n×n的日字矩阵（n为奇数），具体来说，这个矩阵共有n行，每行n个字符，其中最左列、最右列都是 | ，而第一行、最后一行、以及中间一行（即第(n+1)/2行）的第2到第n-1个字符都是 - ，其余所有字符都是半角小写字母 x 。例如，一个5×5的日字矩阵如下：<pre>\n|---|\n|xxx|\n|---|\n|xxx|\n|---|\n</pre>请你帮小杨根据给定的n打印出对应的\"日字矩阵\"。",
        "input": "一行一个整数n（n为奇数，保证n≥3）。",
        "output": "输出对应的\"日字矩阵\"。请严格按格式要求输出，不要擅自添加任何空格、标点、空行等任何符号。",
        "sample_input": "5",
        "sample_output": "|---|\n|xxx|\n|---|\n|xxx|\n|---|",
        "explanation": "使用嵌套循环，外层控制行，内层控制列。根据行列位置判断输出字符：边界列输出'|'，特殊行的中间位置输出'-'，其他位置输出'x'。",
        "source": "GESP2024年3月认证C++二级真题.pdf 编程题第2题"
    }
]

