[
    {
        "id": "1",
        "type": "single",
        "question": "小杨的父母最近刚刚给他买了一块华为手表，他说手表上跑的是鸿蒙，这个鸿蒙是？",
        "options": ["A. 小程序", "B. 计时器", "C. 操作系统", "D. 神话人物"],
        "correct": "C",
        "explanation": "鸿蒙（HarmonyOS）是华为开发的分布式操作系统，可以运行在手机、手表、电视等多种设备上。",
        "source": "GESP2024年3月认证C++二级真题.pdf 单选题第14题"
    },
    {
        "id": "2",
        "type": "single",
        "question": "中国计算机学会（CCF）在2024年1月27日的颁奖典礼上颁布了王选奖，王选先生的重大贡献是？",
        "options": ["A. 制造自动驾驶汽车", "B. 创立培训学校", "C. 发明汉字激光照排系统", "D. 成立方正公司"],
        "correct": "C",
        "explanation": "王选先生是汉字激光照排系统的发明者，被誉为\"汉字激光照排系统之父\"，为中国印刷业的现代化做出了重大贡献。",
        "source": "GESP2024年3月认证C++二级真题.pdf 单选题第15题"
    },
    {
        "id": "3",
        "type": "single",
        "question": "我国第一台大型通用电子计算机使用的逻辑部件是？",
        "options": ["A. 集成电路", "B. 大规模集成电路", "C. 晶体管", "D. 电子管"],
        "correct": "D",
        "explanation": "中国第一台通用数字电子计算机于1958年6月由中科院计算所研制成功，那时候的逻辑部件是电子管，属于第一代计算机。",
        "source": "2023年GESP9月认证C++二级试卷解析.pdf 单选题第1题"
    },
    {
        "id": "4",
        "type": "single",
        "question": "小杨父母带他到某培训机构给他报名参加CCF组织的GESP认证考试的第1级，那他可以选择的认证语言有几种？",
        "options": ["A. 1", "B. 2", "C. 3", "D. 4"],
        "correct": "C",
        "explanation": "GESP认证考试支持三种编程语言：图形化编程（Scratch）、Python编程和C++编程。",
        "source": "2024年6月GESPC++二级真题.pdf 单选题第1题"
    },
    {
        "id": "5",
        "type": "truefalse",
        "question": "小杨今年春节回奶奶家了，奶奶家的数字电视要设置ip地址并接入到WIFI盒子才能收看节目，那这个WIFI盒子具有路由器的功能。",
        "correct": "√",
        "explanation": "WIFI盒子能够分配IP地址并提供网络连接功能，这确实具有路由器的基本功能，包括DHCP服务和网络路由功能。",
        "source": "GESP2024年3月认证C++二级真题.pdf 判断题第9题"
    }
]

